[{
    "title": "全天日程",
    "start": "2015-10-01",
    "color": "#257e4a"
}, {
    "title": "长的日程",
    "start": "2015-02-07",
    "end": "2015-10-10",
    "color":"#ff9f89",
    "constraint": "availableForMeeting" //约束(渲染)设置
}, {
    "id": 999,
    "title": "重复日程",
    "start": "2015-10-09T16:00:00",
    "url":"aaaa"
}, {
    "id": 999,
    "title": "重复日程",
    "start": "2015-10-16T16:00:00"
}, {
    "title": "会议",
    "start": "2015-10-11",
    "end": "2015-10-13"
}, {
    "title": "吃饭",
    "start": "2015-10-12T10:30:00",
    "end": "2015-10-12T12:30:00",
    "editable":false
}, {
    "title": "午餐",
    "start": "2015-10-12T12:00:00"
}, {
    "title": "吃饭",
    "start": "2015-10-12T14:30:00"
}, {
    "title": "休息",
    "start": "2015-10-12T17:30:00"
}, {
    "title": "晚餐",
    "start": "2015-10-12T20:00:00"
}, {
    "title": "生日宴会生日宴会生日宴会生日宴会生日宴会",
    "start": "2015-10-13T07:00:00"
}, {
    "title": "Google连接",
    "url": "http://google.com/",  //连接
    "start": "2015-10-28"
}, {
    "id": "availableForMeeting",
    "start": "2015-02-07",
    "end": "2015-10-10",
    "rendering": "background",
    "color": "#ff9f89",
    "overlap": false
},{       //背景颜色
  "start": "2015-10-26",
  "end": "2015-10-29",
  "overlap": false,
  "rendering": "background",
  "color": "#1c9f8a"
}]